{
  "family": "auto",
  "target_id": 0,
  "require_target_id": false,
  "src_width": 160,
  "src_height": 120,
  "warp_width": 384,
  "warp_height": 384,
  "target_tag_px": 128,
  "H": [
    [
      -16.723584520612153,
      -13.776472048789094,
      1439.2827676142003
    ],
    [
      2.3703509710334276,
      -40.68345532163303,
      2232.219069437768
    ],
    [
      0.00807962475625514,
      -0.0767972165210595,
      1.0
    ]
  ],
  "image_roi": {
    "x": 128,
    "y": 128,
    "w": 128,
    "h": 128
  },
  "red_roi": {
    "x": 128,
    "y": 264,
    "w": 124,
    "h": 52
  }
}