{
  "family": "auto",
  "target_id": 0,
  "require_target_id": false,
  "src_width": 640,
  "src_height": 480,
  "warp_width": 384,
  "warp_height": 384,
  "target_tag_px": 128,
  "H": [
    [
      -1.936730218273518,
      -1.082970754746349,
      521.3947454455515
    ],
    [
      -0.6129591955840377,
      -5.517525747118737,
      1378.4574761036577
    ],
    [
      -0.00022450158829742694,
      -0.009700350579370156,
      1.0
    ]
  ],
  "image_roi": {
    "x": 128,
    "y": 128,
    "w": 128,
    "h": 128
  },
  "red_roi": {
    "x": 128,
    "y": 268,
    "w": 124,
    "h": 48
  }
}