{
  "args": {
    "data": "C:/Users/wongy/Downloads/vision_app/2026_SmartCar_Loongson_Object_Recognition-main/2026_SmartCar_Loongson_Object_Recognition-main/generated_datasets/dataset_cls__v3__px40__tr5__va5__te5__seed42",
    "model": "yolo26n-cls.pt",
    "imgsz": 40,
    "epochs": 50,
    "batch": 64,
    "device": "0",
    "patience": 8,
    "workers": 8,
    "project": "runs/classify",
    "name": "cls_px40_2",
    "exist_ok": false,
    "test_split": "test",
    "skip_train": false,
    "skip_export": false,
    "summary": "train_export_summary.json"
  },
  "train": {
    "top1": 0.9977777600288391,
    "top5": 1.0,
    "fitness": 0.9988888800144196,
    "speed": {
      "preprocess": 0.020055102563013412,
      "inference": 0.06405858119126832,
      "loss": 7.011965971885837e-05,
      "postprocess": 0.00016943590405086678
    },
    "results_dict": {
      "metrics/accuracy_top1": 0.9977777600288391,
      "metrics/accuracy_top5": 1.0,
      "fitness": 0.9988888800144196
    },
    "save_dir": "C:\\Users\\wongy\\Downloads\\vision_app\\2026_SmartCar_Loongson_Object_Recognition-main\\2026_SmartCar_Loongson_Object_Recognition-main\\runs\\classify\\runs\\classify\\cls_px40_2"
  },
  "val": {
    "top1": 0.997863233089447,
    "top5": 1.0,
    "fitness": 0.9989316165447235,
    "speed": {
      "preprocess": 0.018133854699464373,
      "inference": 0.39728241024138883,
      "loss": 0.0005113846300524047,
      "postprocess": 0.0007871623647510686
    },
    "results_dict": {
      "metrics/accuracy_top1": 0.997863233089447,
      "metrics/accuracy_top5": 1.0,
      "fitness": 0.9989316165447235
    },
    "save_dir": "C:\\Users\\wongy\\Downloads\\vision_app\\2026_SmartCar_Loongson_Object_Recognition-main\\2026_SmartCar_Loongson_Object_Recognition-main\\runs\\classify\\val9"
  },
  "test": {
    "top1": 0.9983760714530945,
    "top5": 1.0,
    "fitness": 0.9991880357265472,
    "speed": {
      "preprocess": 0.022507521365401056,
      "inference": 0.3331444358876528,
      "loss": 0.00046900854745489726,
      "postprocess": 0.0007620427379898059
    },
    "results_dict": {
      "metrics/accuracy_top1": 0.9983760714530945,
      "metrics/accuracy_top5": 1.0,
      "fitness": 0.9991880357265472
    },
    "save_dir": "C:\\Users\\wongy\\Downloads\\vision_app\\2026_SmartCar_Loongson_Object_Recognition-main\\2026_SmartCar_Loongson_Object_Recognition-main\\runs\\classify\\val10"
  },
  "exports": {
    "onnx": "C:\\Users\\wongy\\Downloads\\vision_app\\2026_SmartCar_Loongson_Object_Recognition-main\\2026_SmartCar_Loongson_Object_Recognition-main\\runs\\classify\\runs\\classify\\cls_px40_2\\weights\\best.onnx",
    "ncnn": "C:\\Users\\wongy\\Downloads\\vision_app\\2026_SmartCar_Loongson_Object_Recognition-main\\2026_SmartCar_Loongson_Object_Recognition-main\\runs\\classify\\runs\\classify\\cls_px40_2\\weights\\best_ncnn_model"
  },
  "artifacts": {
    "best_pt": "C:\\Users\\wongy\\Downloads\\vision_app\\2026_SmartCar_Loongson_Object_Recognition-main\\2026_SmartCar_Loongson_Object_Recognition-main\\runs\\classify\\runs\\classify\\cls_px40_2\\weights\\best.pt",
    "onnx": "C:\\Users\\wongy\\Downloads\\vision_app\\2026_SmartCar_Loongson_Object_Recognition-main\\2026_SmartCar_Loongson_Object_Recognition-main\\runs\\classify\\runs\\classify\\cls_px40_2\\weights\\best.onnx",
    "ncnn": "C:\\Users\\wongy\\Downloads\\vision_app\\2026_SmartCar_Loongson_Object_Recognition-main\\2026_SmartCar_Loongson_Object_Recognition-main\\runs\\classify\\runs\\classify\\cls_px40_2\\weights\\best_ncnn_model"
  }
}